,_id,year,level_1,level_2,value
0,1,1984,Acute Hospitals Admissions,Public,na
1,2,1984,Acute Hospitals Admissions,Non-public,na
2,3,1984,Psychiatric Hospitals Admissions,Public,na
3,4,1984,Psychiatric Hospitals Admissions,Non-public,na
4,5,1984,Community Hospitals Admissions,Public,na
5,6,1984,Community Hospitals Admissions,Non-public,na
6,7,1985,Acute Hospitals Admissions,Public,na
7,8,1985,Acute Hospitals Admissions,Non-public,na
8,9,1985,Psychiatric Hospitals Admissions,Public,na
9,10,1985,Psychiatric Hospitals Admissions,Non-public,na
10,11,1985,Community Hospitals Admissions,Public,na
11,12,1985,Community Hospitals Admissions,Non-public,na
12,13,1986,Acute Hospitals Admissions,Public,na
13,14,1986,Acute Hospitals Admissions,Non-public,na
14,15,1986,Psychiatric Hospitals Admissions,Public,na
15,16,1986,Psychiatric Hospitals Admissions,Non-public,na
16,17,1986,Community Hospitals Admissions,Public,na
17,18,1986,Community Hospitals Admissions,Non-public,na
18,19,1987,Acute Hospitals Admissions,Public,na
19,20,1987,Acute Hospitals Admissions,Non-public,na
20,21,1987,Psychiatric Hospitals Admissions,Public,na
21,22,1987,Psychiatric Hospitals Admissions,Non-public,na
22,23,1987,Community Hospitals Admissions,Public,na
23,24,1987,Community Hospitals Admissions,Non-public,na
24,25,1988,Acute Hospitals Admissions,Public,na
25,26,1988,Acute Hospitals Admissions,Non-public,na
26,27,1988,Psychiatric Hospitals Admissions,Public,na
27,28,1988,Psychiatric Hospitals Admissions,Non-public,na
28,29,1988,Community Hospitals Admissions,Public,na
29,30,1988,Community Hospitals Admissions,Non-public,na
30,31,1989,Acute Hospitals Admissions,Public,na
31,32,1989,Acute Hospitals Admissions,Non-public,na
32,33,1989,Psychiatric Hospitals Admissions,Public,na
33,34,1989,Psychiatric Hospitals Admissions,Non-public,na
34,35,1989,Community Hospitals Admissions,Public,na
35,36,1989,Community Hospitals Admissions,Non-public,na
36,37,1990,Acute Hospitals Admissions,Public,na
37,38,1990,Acute Hospitals Admissions,Non-public,na
38,39,1990,Psychiatric Hospitals Admissions,Public,na
39,40,1990,Psychiatric Hospitals Admissions,Non-public,na
40,41,1990,Community Hospitals Admissions,Public,na
41,42,1990,Community Hospitals Admissions,Non-public,na
42,43,1991,Acute Hospitals Admissions,Public,na
43,44,1991,Acute Hospitals Admissions,Non-public,na
44,45,1991,Psychiatric Hospitals Admissions,Public,na
45,46,1991,Psychiatric Hospitals Admissions,Non-public,na
46,47,1991,Community Hospitals Admissions,Public,na
47,48,1991,Community Hospitals Admissions,Non-public,na
48,49,1992,Acute Hospitals Admissions,Public,na
49,50,1992,Acute Hospitals Admissions,Non-public,na
50,51,1992,Psychiatric Hospitals Admissions,Public,na
51,52,1992,Psychiatric Hospitals Admissions,Non-public,na
52,53,1992,Community Hospitals Admissions,Public,na
53,54,1992,Community Hospitals Admissions,Non-public,na
54,55,1993,Acute Hospitals Admissions,Public,na
55,56,1993,Acute Hospitals Admissions,Non-public,na
56,57,1993,Psychiatric Hospitals Admissions,Public,na
57,58,1993,Psychiatric Hospitals Admissions,Non-public,na
58,59,1993,Community Hospitals Admissions,Public,na
59,60,1993,Community Hospitals Admissions,Non-public,na
60,61,1994,Acute Hospitals Admissions,Public,na
61,62,1994,Acute Hospitals Admissions,Non-public,na
62,63,1994,Psychiatric Hospitals Admissions,Public,na
63,64,1994,Psychiatric Hospitals Admissions,Non-public,na
64,65,1994,Community Hospitals Admissions,Public,na
65,66,1994,Community Hospitals Admissions,Non-public,na
66,67,1995,Acute Hospitals Admissions,Public,na
67,68,1995,Acute Hospitals Admissions,Non-public,na
68,69,1995,Psychiatric Hospitals Admissions,Public,na
69,70,1995,Psychiatric Hospitals Admissions,Non-public,na
70,71,1995,Community Hospitals Admissions,Public,na
71,72,1995,Community Hospitals Admissions,Non-public,na
72,73,1996,Acute Hospitals Admissions,Public,na
73,74,1996,Acute Hospitals Admissions,Non-public,na
74,75,1996,Psychiatric Hospitals Admissions,Public,na
75,76,1996,Psychiatric Hospitals Admissions,Non-public,na
76,77,1996,Community Hospitals Admissions,Public,na
77,78,1996,Community Hospitals Admissions,Non-public,na
78,79,1997,Acute Hospitals Admissions,Public,na
79,80,1997,Acute Hospitals Admissions,Non-public,na
80,81,1997,Psychiatric Hospitals Admissions,Public,na
81,82,1997,Psychiatric Hospitals Admissions,Non-public,na
82,83,1997,Community Hospitals Admissions,Public,na
83,84,1997,Community Hospitals Admissions,Non-public,na
84,85,1998,Acute Hospitals Admissions,Public,na
85,86,1998,Acute Hospitals Admissions,Non-public,na
86,87,1998,Psychiatric Hospitals Admissions,Public,na
87,88,1998,Psychiatric Hospitals Admissions,Non-public,na
88,89,1998,Community Hospitals Admissions,Public,na
89,90,1998,Community Hospitals Admissions,Non-public,na
90,91,1999,Acute Hospitals Admissions,Public,na
91,92,1999,Acute Hospitals Admissions,Non-public,na
92,93,1999,Psychiatric Hospitals Admissions,Public,na
93,94,1999,Psychiatric Hospitals Admissions,Non-public,na
94,95,1999,Community Hospitals Admissions,Public,na
95,96,1999,Community Hospitals Admissions,Non-public,na
96,97,2000,Acute Hospitals Admissions,Public,na
97,98,2000,Acute Hospitals Admissions,Non-public,na
98,99,2000,Psychiatric Hospitals Admissions,Public,na
99,100,2000,Psychiatric Hospitals Admissions,Non-public,na
100,101,2000,Community Hospitals Admissions,Public,na
101,102,2000,Community Hospitals Admissions,Non-public,na
102,103,2001,Acute Hospitals Admissions,Public,na
103,104,2001,Acute Hospitals Admissions,Non-public,na
104,105,2001,Psychiatric Hospitals Admissions,Public,na
105,106,2001,Psychiatric Hospitals Admissions,Non-public,na
106,107,2001,Community Hospitals Admissions,Public,na
107,108,2001,Community Hospitals Admissions,Non-public,na
108,109,2002,Acute Hospitals Admissions,Public,na
109,110,2002,Acute Hospitals Admissions,Non-public,na
110,111,2002,Psychiatric Hospitals Admissions,Public,na
111,112,2002,Psychiatric Hospitals Admissions,Non-public,na
112,113,2002,Community Hospitals Admissions,Public,na
113,114,2002,Community Hospitals Admissions,Non-public,na
114,115,2003,Acute Hospitals Admissions,Public,na
115,116,2003,Acute Hospitals Admissions,Non-public,na
116,117,2003,Psychiatric Hospitals Admissions,Public,na
117,118,2003,Psychiatric Hospitals Admissions,Non-public,na
118,119,2003,Community Hospitals Admissions,Public,na
119,120,2003,Community Hospitals Admissions,Non-public,na
120,121,2004,Acute Hospitals Admissions,Public,na
121,122,2004,Acute Hospitals Admissions,Non-public,na
122,123,2004,Psychiatric Hospitals Admissions,Public,na
123,124,2004,Psychiatric Hospitals Admissions,Non-public,na
124,125,2004,Community Hospitals Admissions,Public,na
125,126,2004,Community Hospitals Admissions,Non-public,na
126,127,2005,Acute Hospitals Admissions,Public,na
127,128,2005,Acute Hospitals Admissions,Non-public,na
128,129,2005,Psychiatric Hospitals Admissions,Public,na
129,130,2005,Psychiatric Hospitals Admissions,Non-public,na
130,131,2005,Community Hospitals Admissions,Public,na
131,132,2005,Community Hospitals Admissions,Non-public,na
132,133,2006,Acute Hospitals Admissions,Public,308016
133,134,2006,Acute Hospitals Admissions,Non-public,92620
134,135,2006,Psychiatric Hospitals Admissions,Public,8245
135,136,2006,Psychiatric Hospitals Admissions,Non-public,269
136,137,2006,Community Hospitals Admissions,Public,0
137,138,2006,Community Hospitals Admissions,Non-public,6229
138,139,2007,Acute Hospitals Admissions,Public,317355
139,140,2007,Acute Hospitals Admissions,Non-public,95850
140,141,2007,Psychiatric Hospitals Admissions,Public,8417
141,142,2007,Psychiatric Hospitals Admissions,Non-public,288
142,143,2007,Community Hospitals Admissions,Public,0
143,144,2007,Community Hospitals Admissions,Non-public,7312
144,145,2008,Acute Hospitals Admissions,Public,321187
145,146,2008,Acute Hospitals Admissions,Non-public,91013
146,147,2008,Psychiatric Hospitals Admissions,Public,8884
147,148,2008,Psychiatric Hospitals Admissions,Non-public,0
148,149,2008,Community Hospitals Admissions,Public,0
149,150,2008,Community Hospitals Admissions,Non-public,7013
150,151,2009,Acute Hospitals Admissions,Public,323535
151,152,2009,Acute Hospitals Admissions,Non-public,90057
152,153,2009,Psychiatric Hospitals Admissions,Public,9060
153,154,2009,Psychiatric Hospitals Admissions,Non-public,0
154,155,2009,Community Hospitals Admissions,Public,0
155,156,2009,Community Hospitals Admissions,Non-public,7612
156,157,2010,Acute Hospitals Admissions,Public,333573
157,158,2010,Acute Hospitals Admissions,Non-public,93732
158,159,2010,Psychiatric Hospitals Admissions,Public,9759
159,160,2010,Psychiatric Hospitals Admissions,Non-public,0
160,161,2010,Community Hospitals Admissions,Public,0
161,162,2010,Community Hospitals Admissions,Non-public,7534
162,163,2011,Acute Hospitals Admissions,Public,347398
163,164,2011,Acute Hospitals Admissions,Non-public,98986
164,165,2011,Psychiatric Hospitals Admissions,Public,9628
165,166,2011,Psychiatric Hospitals Admissions,Non-public,0
166,167,2011,Community Hospitals Admissions,Public,572
167,168,2011,Community Hospitals Admissions,Non-public,7107
168,169,2012,Acute Hospitals Admissions,Public,354076
169,170,2012,Acute Hospitals Admissions,Non-public,105826
170,171,2012,Psychiatric Hospitals Admissions,Public,8382
171,172,2012,Psychiatric Hospitals Admissions,Non-public,0
172,173,2012,Community Hospitals Admissions,Public,688
173,174,2012,Community Hospitals Admissions,Non-public,7063
174,175,2013,Acute Hospitals Admissions,Public,364911
175,176,2013,Acute Hospitals Admissions,Non-public,109282
176,177,2013,Psychiatric Hospitals Admissions,Public,8110
177,178,2013,Psychiatric Hospitals Admissions,Non-public,0
178,179,2013,Community Hospitals Admissions,Public,1053
179,180,2013,Community Hospitals Admissions,Non-public,7649
180,181,2014,Acute Hospitals Admissions,Public,372661
181,182,2014,Acute Hospitals Admissions,Non-public,116913
182,183,2014,Psychiatric Hospitals Admissions,Public,9050
183,184,2014,Psychiatric Hospitals Admissions,Non-public,0
184,185,2014,Community Hospitals Admissions,Public,1467
185,186,2014,Community Hospitals Admissions,Non-public,7600
186,187,2015,Acute Hospitals Admissions,Public,379973
187,188,2015,Acute Hospitals Admissions,Non-public,119916
188,189,2015,Psychiatric Hospitals Admissions,Public,8986
189,190,2015,Psychiatric Hospitals Admissions,Non-public,0
190,191,2015,Community Hospitals Admissions,Public,2187
191,192,2015,Community Hospitals Admissions,Non-public,8483
192,193,2016,Acute Hospitals Admissions,Public,416663
193,194,2016,Acute Hospitals Admissions,Non-public,129593
194,195,2016,Psychiatric Hospitals Admissions,Public,9028
195,196,2016,Psychiatric Hospitals Admissions,Non-public,0
196,197,2016,Community Hospitals Admissions,Public,5432
197,198,2016,Community Hospitals Admissions,Non-public,8449
198,199,2017,Acute Hospitals Admissions,Public,436882
199,200,2017,Acute Hospitals Admissions,Non-public,131235
200,201,2017,Psychiatric Hospitals Admissions,Public,9316
201,202,2017,Psychiatric Hospitals Admissions,Non-public,0
202,203,2017,Community Hospitals Admissions,Public,7361
203,204,2017,Community Hospitals Admissions,Non-public,8994
204,205,2018,Acute Hospitals Admissions,Public,455272
205,206,2018,Acute Hospitals Admissions,Non-public,129547
206,207,2018,Psychiatric Hospitals Admissions,Public,9215
207,208,2018,Psychiatric Hospitals Admissions,Non-public,0
208,209,2018,Community Hospitals Admissions,Public,8271
209,210,2018,Community Hospitals Admissions,Non-public,9628
210,211,2019,Acute Hospitals Admissions,Public,483939
211,212,2019,Acute Hospitals Admissions,Non-public,134197
212,213,2019,Psychiatric Hospitals Admissions,Public,9234
213,214,2019,Psychiatric Hospitals Admissions,Non-public,0
214,215,2019,Community Hospitals Admissions,Public,10215
215,216,2019,Community Hospitals Admissions,Non-public,9828
216,217,2020,Acute Hospitals Admissions,Public,444863
217,218,2020,Acute Hospitals Admissions,Non-public,111648
218,219,2020,Psychiatric Hospitals Admissions,Public,8426
219,220,2020,Psychiatric Hospitals Admissions,Non-public,0
220,221,2020,Community Hospitals Admissions,Public,11169
221,222,2020,Community Hospitals Admissions,Non-public,9679
